﻿<?xml version="1.0" encoding="utf-8"?>
<EffekseerProject>
  <Option>
    <GridColor>
      <R>255</R>
      <G>255</G>
      <B>255</B>
      <A>255</A>
    </GridColor>
    <IsGridShown>True</IsGridShown>
    <IsXYGridShown>False</IsXYGridShown>
    <IsXZGridShown>True</IsXZGridShown>
    <IsYZGridShown>False</IsYZGridShown>
    <GridLength>2</GridLength>
    <LightDirection>
      <X>1</X>
      <Y>1</Y>
      <Z>1</Z>
    </LightDirection>
    <LightColor>
      <R>215</R>
      <G>215</G>
      <B>215</B>
      <A>255</A>
    </LightColor>
    <LightAmbientColor>
      <R>40</R>
      <G>40</G>
      <B>40</B>
      <A>255</A>
    </LightAmbientColor>
    <Magnification>1</Magnification>
    <FPS>1</FPS>
    <Coordinate>0</Coordinate>
    <BackgroundColor>
      <R>0</R>
      <G>0</G>
      <B>0</B>
      <A>255</A>
    </BackgroundColor>
    <BackgroundImage>
    </BackgroundImage>
    <MouseRotInvX>False</MouseRotInvX>
    <MouseRotInvY>False</MouseRotInvY>
    <MouseSlideInvX>False</MouseSlideInvX>
    <MouseSlideInvY>False</MouseSlideInvY>
  </Option>
</EffekseerProject>